Well,Drug,Score,ATP
C11,吉西他滨+5FU,-0.9987404502286754,24330
C12,吉西他滨+5FU,-0.6691126381238238,71930
C3,5FU,0.7054466709780155,8638000
C4,5FU,-0.2815939308793425,7800000
C5,5FU,-0.10960051478747185,7260000
C8,吉西他滨+5FU,-0.6386308877369111,185300
D4,顺铂+吉西他滨,-1.031753156527647,66260
D5,顺铂+吉西他滨,-1.3185315877703467,27630
D6,顺铂+吉西他滨,-1.1151974853578082,25920
E4,奥沙利铂+吉西他滨,-0.6812803152074877,63070
E5,奥沙利铂+吉西他滨,-1.2278014340802426,15450
E6,奥沙利铂+吉西他滨,-0.8801279702805017,68250
F11,Control,1.4885396458877305,55300000
F12,Control,0.9143039806102805,46400000
F2,奥沙利铂+5FU,-0.04542393103572706,14970000
F3,奥沙利铂+5FU,-0.6056048348835961,14070000
F4,奥沙利铂+5FU,1.2056894010534709,10820000
F7,Control,0.7073512078584245,54140000
F8,Control,1.6166149393378486,50680000
F9,Control,2.9654532911738105,65380000
